method,predicted_cutoff_days,hit_rate_below,n_below,hit_rate_above,n_above
acf_fft,59.50666666666667,0.17746820109024833,3302,0.0,6698
pairwise_histogram,119.01333333333334,0.1290859564164649,6608,0.0,3392
lombscargle,178.52,0.13742690058479531,9918,0.0,82
wavelet,178.52,0.21052631578947367,9918,0.3902439024390244,82
